1,google.com
2,facebook.com
3,youtube.com
4,twitter.com
5,instagram.com
6,linkedin.com
7,apple.com
8,microsoft.com
9,wikipedia.org
10,googletagmanager.com
11,wordpress.org
12,youtu.be
13,pinterest.com
14,github.com
15,vimeo.com
16,goo.gl
17,bit.ly
18,adobe.com
19,amazon.com
20,wordpress.com
21,blogspot.com
22,mozilla.org
23,whatsapp.com
24,yahoo.com
25,macromedia.com
26,reddit.com
27,europa.eu
28,tumblr.com
29,nih.gov
30,qq.com
31,flickr.com
32,nytimes.com
33,gravatar.com
34,amazonaws.com
35,apache.org
36,github.io
37,spotify.com
38,t.me
39,miit.gov.cn
40,baidu.com
41,soundcloud.com
42,medium.com
43,zoom.us
44,forms.gle
45,w3.org
46,tiktok.com
47,t.co
48,theguardian.com
49,forbes.com
50,cloudflare.com
51,cnn.com
52,archive.org
53,dropbox.com
54,wa.me
55,paypal.com
56,bbc.co.uk
57,vk.com
58,office.com
59,creativecommons.org
60,bbc.com
61,live.com
62,sourceforge.net
63,who.int
64,imdb.com
65,wixsite.com
66,sciencedirect.com
67,mit.edu
68,issuu.com
69,bing.com
70,nginx.org
71,cdc.gov
72,washingtonpost.com
73,msn.com
74,researchgate.net
75,weebly.com
76,reuters.com
77,nginx.com
78,tinyurl.com
79,opera.com
80,slideshare.net
81,www.gov.uk
82,dailymail.co.uk
83,youtube-nocookie.com
84,bloomberg.com
85,oracle.com
86,doi.org
87,harvard.edu
88,wsj.com
89,ebay.com
90,weibo.com
91,wikimedia.org
92,wiley.com
93,php.net
94,cnbc.com
95,nature.com
96,businessinsider.com
97,etsy.com
98,un.org
99,springer.com
100,gnu.org
101,amazon.co.uk
102,ibm.com
103,stanford.edu
104,stackoverflow.com
105,aol.com
106,list-manage.com
107,go.com
108,wp.com
109,twitch.tv
110,dailymotion.com
111,eventbrite.com
112,nasa.gov
113,shopify.com
114,outlook.com
115,goodreads.com
116,telegraph.co.uk
117,wix.com
118,google.de
119,usatoday.com
120,hubspot.com
121,samsung.com
122,cpanel.net
123,time.com
124,npr.org
125,g.page
126,google.co.uk
127,tripadvisor.com
128,cnet.com
129,pixabay.com
130,blogger.com
131,quora.com
132,netflix.com
133,linktr.ee
134,unsplash.com
135,beian.gov.cn
136,healthline.com
137,surveymonkey.com
138,hp.com
139,ted.com
140,independent.co.uk
141,cloudfront.net
142,statista.com
143,foxnews.com
144,booking.com
145,webmd.com
146,amzn.to
147,wired.com
148,scribd.com
149,addtoany.com
150,mayoclinic.org
151,deviantart.com
152,mysql.com
153,line.me
154,googleusercontent.com
155,behance.net
156,loc.gov
157,indeed.com
158,myspace.com
159,cbsnews.com
160,berkeley.edu
161,ft.com
162,buzzfeed.com
163,imgur.com
164,yandex.ru
165,510623.com
166,techcrunch.com
167,cambridge.org
168,discord.com
169,steampowered.com
170,latimes.com
171,telegram.me
172,academia.edu
173,yelp.com
174,debian.org
175,ietf.org
176,huffingtonpost.com
177,amazon.de
178,free.fr
179,aboutads.info
180,theverge.com
181,oup.com
182,bilibili.com
183,canva.com
184,tandfonline.com
185,prnewswire.com
186,ca.gov
187,patreon.com
188,cornell.edu
189,washington.edu
190,walmart.com
191,themeforest.net
192,nypost.com
193,sina.com.cn
194,google.ca
195,squarespace.com
196,ikea.com
197,yahoo.co.jp
198,freepik.com
199,theatlantic.com
200,aliexpress.com
201,google.fr
202,myshopify.com
203,google.co.jp
204,thesun.co.uk
205,nbcnews.com
206,huffpost.com
207,google.es
208,fda.gov
209,elpais.com
210,britannica.com
211,w3schools.com
212,mailchimp.com
213,nationalgeographic.com
214,launchpad.net
215,indiatimes.com
216,google.it
217,espn.com
218,amazon.co.jp
219,naver.com
220,investopedia.com
221,mediafire.com
222,service.gov.uk
223,sagepub.com
224,princeton.edu
225,kickstarter.com
226,ok.ru
227,sedo.com
228,udemy.com
229,weather.com
230,hbr.org
231,nike.com
232,hugedomains.com
233,mailchi.mp
234,news.com.au
235,marriott.com
236,alibaba.com
237,statcounter.com
238,target.com
239,networkadvertising.org
240,people.com
241,fiverr.com
242,unesco.org
243,rakuten.co.jp
244,google.co.in
245,mail.ru
246,business.site
247,bitly.com
248,change.org
249,allaboutcookies.org
250,steamcommunity.com
251,youku.com
252,amazon.ca
253,duckduckgo.com
254,uol.com.br
255,163.com
256,fb.com
257,globo.com
258,calendly.com
259,whitehouse.gov
260,taobao.com
261,discord.gg
262,livejournal.com
263,amazon.fr
264,ebay.co.uk
265,skype.com
266,state.gov
267,lemonde.fr
268,bandcamp.com
269,ameblo.jp
270,zillow.com
271,accuweather.com
272,speedtest.net
273,usnews.com
274,iso.org
275,usda.gov
276,bestbuy.com
277,ups.com
278,upwork.com
279,noaa.gov
280,businesswire.com
281,google.com.br
282,wikihow.com
283,epa.gov
284,homedepot.com
285,fb.me
286,google.nl
287,redhat.com
288,repubblica.it
289,fandom.com
290,google.com.hk
291,mega.nz
292,economist.com
293,discogs.com
294,pbs.org
295,amazon.in
296,express.co.uk
297,worldbank.org
298,accraine.co.uk
299,google.pl
300,elmundo.es
301,fc2.com
302,coinmarketcap.com
303,cbc.ca
304,akismet.com
305,hm.com
306,sharepoint.com
307,yandex.com
308,corriere.it
309,wattpad.com
310,amazon.es
311,jotform.com
312,t-online.de
313,ebay.de
314,psychologytoday.com
315,bild.de
316,columbia.edu
317,marketwatch.com
318,eepurl.com
319,google.com.tw
320,spiegel.de
321,umich.edu
322,lowes.com
323,amazon.it
324,about.com
325,bankofamerica.com
326,www.gov.br
327,google.com.mx
328,asos.com
329,google.co.th
330,livedoor.jp
331,marca.com
332,ancestry.com
333,vice.com
334,google.com.tr
335,mlb.com
336,gsmarena.com
337,as.com
338,macys.com
339,realtor.com
340,goal.com
341,dribbble.com
342,fortune.com
343,typepad.com
344,abc.net.au
345,costco.com
346,nicovideo.jp
347,sciencedaily.com
348,psu.edu
349,yale.edu
350,theconversation.com
351,plos.org
352,quizlet.com
353,infobae.com
354,india.com
355,xinhuanet.com
356,pornhub.com
357,ouest-france.fr
358,dafont.com
359,clarin.com
360,mirror.co.uk
361,daum.net
362,weforum.org
363,chaturbate.com
364,moneycontrol.com
365,sitemaps.org
366,20minutos.es
367,agoda.com
368,lanacion.com.ar
369,giphy.com
370,godaddy.com
371,reverso.net
372,docomo.ne.jp
373,ieee.org
374,onet.pl
375,gofundme.com
376,idnes.cz
377,irs.gov
378,deloitte.com
379,bol.com
380,apkpure.com
381,openai.com
382,onlyfans.com
383,sciencemag.org
384,roblox.com
385,flipkart.com
386,mashable.com
387,primevideo.com
388,pixiv.net
389,sportskeeda.com
390,genius.com
391,cisco.com
392,ecosia.org
393,allegro.pl
394,cookpad.com
395,ozon.ru
396,upenn.edu
397,chess.com
398,fanfiction.net
399,mckinsey.com
400,tabelog.com
401,indiamart.com
402,vnexpress.net
403,ad.nl
404,interia.pl
405,hurriyet.com.tr
406,ameba.jp
407,jimdo.com
408,sohu.com
409,wp.pl
410,amazon.com.br
411,livedoor.com
412,nexusmods.com
413,expressen.se
414,apnews.com
415,goo.ne.jp
416,zdnet.com
417,digg.com
418,xvideos.com
419,gazzetta.it
420,seznam.cz
421,detik.com
422,pravda.com.ua
423,tokopedia.com
424,argos.co.uk
425,vg.no
426,rightmove.co.uk
427,mundodeportivo.com
428,ebay.it
429,espncricinfo.com
430,jw.org
431,avito.ru
432,mobile.de
433,bmj.com
434,zendesk.com
435,hotpepper.jp
436,xhamster.com
437,byjus.com
438,aparat.com
439,nairaland.com
440,timesofindia.com
441,shein.com
442,rfc-editor.org
443,amazon.com.mx
444,hln.be
445,pexels.com
446,arcgis.com
447,archiveofourown.org
448,wildberries.ru
449,dagbladet.no
450,biomedcentral.com
451,uber.com
452,remove.bg
453,furaffinity.net
454,lichess.org
455,bet365.com
456,marktplaats.nl
457,shopee.co.id
458,merriam-webster.com
459,otto.de
460,caixa.gov.br
461,nikkansports.com
462,heylink.me
463,leboncoin.fr
464,jalan.net
465,oricon.co.jp
466,mercadolivre.com.br
467,dzen.ru
468,ox.ac.uk
469,haberler.com
470,newsweek.com
471,terra.com.br
472,vivo.com
473,index.hu
474,biblegateway.com
475,googleblog.com
476,youporn.com
477,sabah.com.tr
478,myanimelist.net
479,intel.com
480,umn.edu
481,dell.com
482,youronlinechoices.com
483,makemytrip.com
484,ilovepdf.com
485,mdpi.com
486,namu.wiki
487,cricbuzz.com
488,1mg.com
489,24h.com.vn
490,3bmeteo.com
491,999.md
492,aajtak.in
493,ajio.com
494,amarujala.com
495,animanch.com
496,animeflv.net
497,annunci69.it
498,anwap.tube
499,apkcombo.com
500,arbada.com
501,arca.live
502,aternos.org
503,auone.jp
504,autoplius.lt
505,avto.net
506,azet.sk
507,bakusai.com
508,banvenez.com
509,bartarinha.ir
510,bato.to
511,battwo.com
512,beboo.ru
513,betano.com
514,betika.com
515,betnacional.com
516,betproexch.com
517,betway.co.za
518,bikewale.com
519,bilibili.tv
520,boatrace.jp
521,bookmyshow.com
522,boyfriendtv.com
523,brainly.co.id
524,brainly.in
525,bt.dk
526,cardgames.io
527,carsensor.net
528,cdiscount.com
529,chordtela.com
530,cityheaven.net
531,clip2vip.com
532,cmoa.jp
533,coco.gg
534,coinpayu.com
535,conectate.com.do
536,coupang.com
537,credit-agricole.fr
538,czbooks.net
539,dantri.com.vn
540,dcinside.com
541,dewafilm.xyz
542,diretta.it
543,dlsite.com
544,dmm.co.jp
545,dns-shop.ru
546,dogdrip.net
547,donmai.us
548,doublelist.com
549,dto.jp
550,e-hentai.org
551,e621.net
552,ecnavi.jp
553,eenadu.net
554,ekstrabladet.dk
555,emag.ro
556,epfindia.gov.in
557,eporner.com
558,erome.com
559,eroterest.net
560,escortbabylon.net
561,evexxx.com
562,exhentai.org
563,fabguys.com
564,fabswingers.com
565,fanpage.it
566,fapello.com
567,faphouse.com
568,fatalmodel.com
569,fetlife.com
570,ficbook.net
571,finn.no
572,flashscore.com
573,fmkorea.com
574,funnyjunk.com
575,fuq.com
576,gamewith.jp
577,gekso.xyz
578,gelbooru.com
579,geny.com
580,girlschannel.net
581,gismeteo.ru
582,grapee.jp
583,gree-apps.net
584,gst.gov.in
585,happymh.com
586,hdhindisex.com
587,hdtube.porn
588,hepsiburada.com
589,hitomi.la
590,hltv.org
591,hochi.news
592,hollywoodbets.net
593,humoruniv.com
594,idealista.com
595,ijavhd.com
596,ilmeteo.it
597,iltalehti.fi
598,imagefap.com
599,imgsrc.ru
600,in3x.net
601,index.hr
602,inven.co.kr
603,iporntv.net
604,ixxx.com
605,jable.tv
606,joyclub.de
607,jra.go.jp
608,jra.jp
609,justdial.com
610,jut.su
611,jutarnji.hr
612,kakuyomu.jp
613,kemono.party
614,khabaronline.ir
615,kompoz2.com
616,kooora.com
617,kurir.rs
618,lectortmo.com
619,leroymerlin.fr
620,list.am
621,listcrawler.eu
622,litnet.com
623,livehindustan.com
624,lotterysambadresult.in
625,magazineluiza.com.br
626,mamastar.jp
627,manga168.com
628,mangabuddy.com
629,mangago.me
630,mangakakalot.com
631,mangalib.me
632,mangalivre.net
633,manganato.com
634,markt.de
635,mbga.jp
636,mechacomic.jp
637,mediaexpert.pl
638,mercadolibre.com.ar
639,mercadolibre.com.mx
640,milanuncios.com
641,missav.com
642,mobcup.net
643,mobile-tracker-free.com
644,motherless.com
645,mtlnovel.com
646,music-fa.com
647,mynet.com
648,myntra.com
649,myreadingmanga.info
650,namasha.com
651,nesine.com
652,netkeiba.com
653,nhentai.net
654,ninisite.com
655,njuskalo.hr
656,noodlemagazine.com
657,nosv.org
658,nregastrep.nic.in
659,oddspark.com
660,ojogodobicho.com
661,ok.xxx
662,olimpbet.kz
663,olx.pl
664,olx.ua
665,omegle.com
666,onlinesbi.sbi
667,patria.org.ve
668,piccoma.com
669,pixbet.com
670,pmkisan.gov.in
671,poki.com
672,porn300.com
673,pornhat.one
674,porno18.site
675,pornpics.com
676,programme-tv.net
677,ptt.cc
678,publi24.ro
679,pussyspace.com
680,rakuten-sec.co.jp
681,redtube.com
682,ria.com
683,rst.ua
684,rule34.xxx
685,ruliweb.com
686,sahibinden.com
687,salonboard.com
688,sarkariresult.com
689,satta-king-fast.com
690,serasa.com.br
691,servicewebly.com
692,serviporno.com
693,sex.com
694,sexemodel.com
695,sexindrag.com
696,sexvid.pro
697,shopee.com.br
698,sinsay.com
699,site777.jp
700,skelbiu.lt
701,skokka.com
702,skroutz.gr
703,snaptik.app
704,sondakika.com
705,sozcu.com.tr
706,spankbang.com
707,sportybet.com
708,ss.com
709,ssc.nic.in
710,sss.gov.ph
711,ssstik.io
712,staseraintv.com
713,storysaver.net
714,subito.it
715,suumo.jp
716,sxyprn.com
717,syosetu.com
718,syosetu.org
719,tabor.ru
720,tamildhool.net
721,tenki.jp
722,thenetnaija.net
723,theqoo.net
724,thisvid.com
725,thscore.mobi
726,tmohentai.com
727,tnaflix.com
728,tokyomotion.net
729,toppr.com
730,toyhou.se
731,trendyol.com
732,trilltrill.jp
733,truyenfull.vn
734,tukif.com
735,turbo.az
736,turkiye.gov.tr
737,varzesh3.com
738,wannonce.com
739,xhamster1.desi
740,xhamster2.com
741,xnxx.com
742,xnxx.tv
743,xnxx3.com
744,xoso.com.vn
745,xosodaiphat.com
746,xvideos.es
747,xvideos2.com
748,xvideos3.com
749,xvideos5.com
750,xvideos98.xxx
751,xvideosporno.blog.br
752,xxx18hot.com
753,yadongkorea.org
754,yadongtube.net
755,youjizz.com
756,zinmanga.com
757,zozo.jp
758,arxiv.org
759,apa.org
760,uci.edu
761,creditkarma.com
762,intuit.com
763,sun.com
764,fastcompany.com
765,ubuntu.com
766,messenger.com
767,gitlab.com
768,example.com
769,otomoto.pl
770,pornfuck.net
771,rokna.net
772,xxxhdvideo.mobi
773,curseforge.com
774,disqus.com
775,pikabu.ru
776,blaze.com
777,69shu.com
778,gimy.app
779,pewresearch.org
780,oreilly.com
781,newyorker.com
782,domainmarket.com
783,elcorteingles.es
784,t-mobile.com
785,lightinthebox.com
786,quizizz.com
787,itmedia.co.jp
788,huawei.com
789,feedburner.com
790,typeform.com
791,1377x.to
792,com.se
793,funpay.com
794,hdfcbank.com
795,qorno.com
796,rezka.ag
797,fast.com
798,onlyindianpornx.com
799,xnxx115.com
800,redfin.com
801,inc.com
802,android.com
803,txxx.com
804,yaoilib.me
805,hqporner.com
806,porno365.pics
807,aliyun.com
808,xing.com
809,vox.com
810,www.nhs.uk
811,tjk.org
812,togetter.com
813,oecd.org
814,nu.nl
815,wpengine.com
816,disneyplus.com
817,dw.com
818,pornkai.com
819,wisc.edu
820,jstor.org
821,addthis.com
822,tsn.ua
823,clever.com
824,goal.co
825,livescore.com
826,livescore.in
827,game8.jp
828,protothema.gr
829,inps.it
830,picrew.me
831,pornhub.org
832,uidai.gov.in
833,xnxx2.com
834,centraldasapostas.net
835,flashscore.com.br
836,xnxx.health
837,geocities.com
838,tripod.com
839,trustpilot.com
840,science.org
841,medicalnewstoday.com
842,frontiersin.org
843,readthedocs.io
844,plesk.com
845,chinatimes.com
846,wayfair.com
847,abola.pt
848,whatismyip.li
849,sport.es
850,nps.gov
851,stripe.com
852,pbskids.org
853,bfmtv.com
854,code.org
855,stumbleupon.com
856,zbporn.tv
857,meetup.com
858,fb.watch
859,ixl.com
860,salesforce.com
861,jusbrasil.com.br
862,cam.ac.uk
863,otvfoco.com.br
864,gizmodo.com
865,scientificamerican.com
866,wordreference.com
867,mangatoto.com
868,hilton.com
869,engadget.com
870,temu.com
871,ftc.gov
872,tjsp.jus.br
873,futbin.com
874,550909.com
875,coolmathgames.com
876,rezultati.com
877,shaalaa.com
878,sexalarab.com
879,olx.com.br
880,shahvani.com
881,milliyet.com.tr
882,elsevier.com
883,starfall.com
884,kambistories.com
885,haber7.com
886,trello.com
887,docker.com
888,shutterstock.com
889,classlink.com
890,lausd.net
891,nitrotype.com
892,entrepreneur.com
893,iseeindia.org.in
894,yatv.net
895,google.cl
896,thetimes.co.uk
897,sportkp.ru
898,eltiempo.es
899,flashscore.mobi
900,happymail.co.jp
901,kinoafisha.info
902,madrasati.sa
903,xhamster3.com
904,wiktionary.org
905,studocu.com
906,sassa.gov.za
907,acesso.gov.br
908,spaggiari.eu
909,gree-pf.net
910,nvidia.com
911,lc.chat
912,webs.com
913,kahoot.it
914,udn.com
915,librus.pl
916,constantcontact.com
917,guardian.co.uk
918,ucla.edu
919,jhu.edu
920,welt.de
921,openstreetmap.org
922,sfgate.com
923,satta-no.com
924,coursera.org
925,arnebrachhold.de
926,slate.com
927,elegantthemes.com
928,ebalovo.xxx
929,python.org
930,slack.com
931,ryanair.com
932,people.com.cn
933,chegg.com
934,readwn.com
935,tubidy.mobi
936,zoro.to
937,pinterest.ca
938,googleapis.com
939,fao.org
940,pnas.org
941,barnesandnoble.com
942,politico.com
943,thelancet.com
944,digikala.com
945,granbluefantasy.jp
946,imhentai.xxx
947,redwap-xxx.com
948,excite.co.jp
949,azurewebsites.net
950,justindianpornx.com
951,lavanguardia.com
952,cmu.edu
953,supjav.com
954,promiedos.com.ar
955,yallakora.com
956,betway.co.zm
957,prokerala.com
958,xvideos4.com
959,idealista.it
960,ed.gov
961,google.com.ar
962,ndtv.com
963,cookiedatabase.org
964,utexas.edu
965,coppel.com
966,destacamos.com
967,almasryalyoum.com
968,indiansexbar.mobi
969,kidsa-z.com
970,perfectdomain.com
971,brainly.lat
972,donga.com
973,uchicago.edu
974,alphapolis.co.jp
975,batotoo.com
976,lioden.com
977,o2.pl
978,flashscore.fr
979,flashscore.pl
980,anchor.fm
981,binance.com
982,getbootstrap.com
983,microsoftonline.com
984,si.edu
985,airbnb.com
986,actu.fr
987,zearn.org
988,xxxwow.net
989,arstechnica.com
990,n-tv.de
991,bbb.org
992,istockphoto.com
993,nz.ua
994,photobucket.com
995,themeisle.com
996,uk.com
997,ruangguru.com
998,tigerexch247.com
999,house.gov
1000,kundelik.kz
